r_id,name,surname,email,password,Age,Gender,MaritalStatus,experience,rating,ratingCount,taskCount
,C,0,c0@courier.com,testcourier,22,Male,Single,1,4.5,10,0
,C,1,c1@courier.com,testcourier,30,Female,Married,3,4.8,25,0
,C,2,c2@courier.com,testcourier,25,Male,Single,0,0.0,0,0
,C,3,c3@courier.com,testcourier,28,Female,Single,2,4.2,15,0
,C,4,c4@courier.com,testcourier,33,Male,Single,5,3.9,50,2
,C,5,c5@courier.com,testcourier,20,Female,Single,0,0.0,0,0
,C,6,c6@courier.com,testcourier,45,Male,Married,10,4.7,88,1
,C,7,c7@courier.com,testcourier,23,Female,Single,1,3.5,12,0
,C,8,c8@courier.com,testcourier,29,Male,Single,2,4.1,30,3
,C,9,c9@courier.com,testcourier,38,Female,Married,7,4.9,95,0
,C,10,c10@courier.com,testcourier,26,Male,Single,1,3.8,22,1
,C,11,c11@courier.com,testcourier,21,Female,Single,0,0.0,0,0
,C,12,c12@courier.com,testcourier,31,Male,Married,4,4.3,45,0
,C,13,c13@courier.com,testcourier,27,Female,Single,2,4.0,18,2
,C,14,c14@courier.com,testcourier,35,Male,Married,6,4.6,60,0
,C,15,c15@courier.com,testcourier,24,Female,Single,1,4.2,9,1
,C,16,c16@courier.com,testcourier,40,Male,Married,12,4.4,70,0
,C,17,c17@courier.com,testcourier,32,Female,Married,3,3.7,33,0
,C,18,c18@courier.com,testcourier,28,Male,Single,2,4.1,28,1
,C,19,c19@courier.com,testcourier,29,Female,Single,4,4.8,55,0
,C,20,c20@courier.com,testcourier,19,Male,Single,0,0.0,0,0
,C,21,c21@courier.com,testcourier,25,Female,Single,0,0.0,0,0
,C,22,c22@courier.com,testcourier,30,Male,Single,0,0.0,0,0
,C,23,c23@courier.com,testcourier,35,Female,Married,0,0.0,0,0
,C,24,c24@courier.com,testcourier,40,Male,Married,0,0.0,0,0
,C,25,c25@courier.com,testcourier,20,Female,Single,0,0.0,0,0
,C,26,c26@courier.com,testcourier,28,Male,Single,0,0.0,0,0
,C,27,c27@courier.com,testcourier,32,Female,Married,0,0.0,0,0
,C,28,c28@courier.com,testcourier,19,Male,Single,0,0.0,0,0
,C,29,c29@courier.com,testcourier,27,Female,Single,0,0.0,0,0
,C,30,c30@courier.com,testcourier,36,Male,Married,0,0.0,0,0
,C,31,c31@courier.com,testcourier,22,Female,Single,0,0.0,0,0
,C,32,c32@courier.com,testcourier,31,Male,Single,0,0.0,0,0
,C,33,c33@courier.com,testcourier,24,Female,Married,0,0.0,0,0
,C,34,c34@courier.com,testcourier,39,Male,Married,0,0.0,0,0
,C,35,c35@courier.com,testcourier,26,Female,Single,0,0.0,0,0
,C,36,c36@courier.com,testcourier,29,Male,Single,0,0.0,0,0
,C,37,c37@courier.com,testcourier,33,Female,Married,0,0.0,0,0
,C,38,c38@courier.com,testcourier,42,Male,Married,0,0.0,0,0
,C,39,c39@courier.com,testcourier,21,Female,Single,0,0.0,0,0
,C,40,c40@courier.com,testcourier,30,Male,Single,0,0.0,0,0
,C,41,c41@courier.com,testcourier,25,Female,Married,0,0.0,0,0
,C,42,c42@courier.com,testcourier,35,Male,Married,0,0.0,0,0
,C,43,c43@courier.com,testcourier,23,Female,Single,0,0.0,0,0
,C,44,c44@courier.com,testcourier,37,Male,Single,0,0.0,0,0
,C,45,c45@courier.com,testcourier,28,Female,Married,0,0.0,0,0
,C,46,c46@courier.com,testcourier,41,Male,Married,0,0.0,0,0
,C,47,c47@courier.com,testcourier,20,Female,Single,0,0.0,0,0
,C,48,c48@courier.com,testcourier,34,Male,Single,0,0.0,0,0
,C,49,c49@courier.com,testcourier,26,Female,Married,0,0.0,0,0
,C,50,c50@courier.com,testcourier,38,Male,Married,0,0.0,0,0
,C,51,c51@courier.com,testcourier,22,Female,Single,0,0.0,0,0
,C,52,c52@courier.com,testcourier,33,Male,Single,0,0.0,0,0
,C,53,c53@courier.com,testcourier,29,Female,Married,0,0.0,0,0
,C,54,c54@courier.com,testcourier,39,Male,Married,0,0.0,0,0
,C,55,c55@courier.com,testcourier,24,Female,Single,0,0.0,0,0
,C,56,c56@courier.com,testcourier,31,Male,Single,0,0.0,0,0
,C,57,c57@courier.com,testcourier,27,Female,Married,0,0.0,0,0
,C,58,c58@courier.com,testcourier,40,Male,Married,0,0.0,0,0
,C,59,c59@courier.com,testcourier,21,Female,Single,0,0.0,0,0
,C,60,c60@courier.com,testcourier,36,Male,Single,0,0.0,0,0
,C,61,c61@courier.com,testcourier,25,Female,Married,0,0.0,0,0
,C,62,c62@courier.com,testcourier,42,Male,Married,0,0.0,0,0
,C,63,c63@courier.com,testcourier,23,Female,Single,0,0.0,0,0
,C,64,c64@courier.com,testcourier,30,Male,Single,0,0.0,0,0
,C,65,c65@courier.com,testcourier,28,Female,Married,0,0.0,0,0
,C,66,c66@courier.com,testcourier,41,Male,Married,0,0.0,0,0
,C,67,c67@courier.com,testcourier,20,Female,Single,0,0.0,0,0
,C,68,c68@courier.com,testcourier,34,Male,Single,0,0.0,0,0
,C,69,c69@courier.com,testcourier,26,Female,Married,0,0.0,0,0
,C,70,c70@courier.com,testcourier,38,Male,Married,0,0.0,0,0
,C,71,c71@courier.com,testcourier,22,Female,Single,0,0.0,0,0
,C,72,c72@courier.com,testcourier,33,Male,Single,0,0.0,0,0
,C,73,c73@courier.com,testcourier,29,Female,Married,0,0.0,0,0
,C,74,c74@courier.com,testcourier,39,Male,Married,0,0.0,0,0
,C,75,c75@courier.com,testcourier,24,Female,Single,0,0.0,0,0
,C,76,c76@courier.com,testcourier,31,Male,Single,0,0.0,0,0
,C,77,c77@courier.com,testcourier,27,Female,Married,0,0.0,0,0
,C,78,c78@courier.com,testcourier,40,Male,Married,0,0.0,0,0
,C,79,c79@courier.com,testcourier,21,Female,Single,0,0.0,0,0
,C,80,c80@courier.com,testcourier,36,Male,Single,0,0.0,0,0
,C,81,c81@courier.com,testcourier,25,Female,Married,0,0.0,0,0
,C,82,c82@courier.com,testcourier,42,Male,Married,0,0.0,0,0
,C,83,c83@courier.com,testcourier,23,Female,Single,0,0.0,0,0
,C,84,c84@courier.com,testcourier,30,Male,Single,0,0.0,0,0
,C,85,c85@courier.com,testcourier,28,Female,Married,0,0.0,0,0
,C,86,c86@courier.com,testcourier,41,Male,Married,0,0.0,0,0
,C,87,c87@courier.com,testcourier,20,Female,Single,0,0.0,0,0
,C,88,c88@courier.com,testcourier,34,Male,Single,0,0.0,0,0
,C,89,c89@courier.com,testcourier,26,Female,Married,0,0.0,0,0
,C,90,c90@courier.com,testcourier,38,Male,Married,0,0.0,0,0
,C,91,c91@courier.com,testcourier,22,Female,Single,0,0.0,0,0
,C,92,c92@courier.com,testcourier,33,Male,Single,0,0.0,0,0
,C,93,c93@courier.com,testcourier,29,Female,Married,0,0.0,0,0
,C,94,c94@courier.com,testcourier,39,Male,Married,0,0.0,0,0
,C,95,c95@courier.com,testcourier,24,Female,Single,0,0.0,0,0
,C,96,c96@courier.com,testcourier,31,Male,Single,0,0.0,0,0
,C,97,c97@courier.com,testcourier,27,Female,Married,0,0.0,0,0
,C,98,c98@courier.com,testcourier,40,Male,Married,0,0.0,0,0
,C,99,c99@courier.com,testcourier,21,Female,Single,0,0.0,0,0
,C,100,c100@courier.com,testcourier,36,Male,Single,0,0.0,0,0
,C,101,c101@courier.com,testcourier,25,Female,Married,0,0.0,0,0
,C,102,c102@courier.com,testcourier,42,Male,Married,0,0.0,0,0
,C,103,c103@courier.com,testcourier,23,Female,Single,0,0.0,0,0
,C,104,c104@courier.com,testcourier,30,Male,Single,0,0.0,0,0
,C,105,c105@courier.com,testcourier,28,Female,Married,0,0.0,0,0
,C,106,c106@courier.com,testcourier,41,Male,Married,0,0.0,0,0
,C,107,c107@courier.com,testcourier,20,Female,Single,0,0.0,0,0
,C,108,c108@courier.com,testcourier,34,Male,Single,0,0.0,0,0
,C,109,c109@courier.com,testcourier,26,Female,Married,0,0.0,0,0
,C,110,c110@courier.com,testcourier,38,Male,Married,0,0.0,0,0
,C,111,c111@courier.com,testcourier,22,Female,Single,0,0.0,0,0
,C,112,c112@courier.com,testcourier,33,Male,Single,0,0.0,0,0
,C,113,c113@courier.com,testcourier,29,Female,Married,0,0.0,0,0
,C,114,c114@courier.com,testcourier,39,Male,Married,0,0.0,0,0
,C,115,c115@courier.com,testcourier,24,Female,Single,0,0.0,0,0
,C,116,c116@courier.com,testcourier,31,Male,Single,0,0.0,0,0
,C,117,c117@courier.com,testcourier,27,Female,Married,0,0.0,0,0
,C,118,c118@courier.com,testcourier,40,Male,Married,0,0.0,0,0
,C,119,c119@courier.com,testcourier,21,Female,Single,0,0.0,0,0
,C,120,c120@courier.com,testcourier,36,Male,Single,0,0.0,0,0
,C,121,c121@courier.com,testcourier,25,Female,Married,0,0.0,0,0
,C,122,c122@courier.com,testcourier,42,Male,Married,0,0.0,0,0
,C,123,c123@courier.com,testcourier,23,Female,Single,0,0.0,0,0
,C,124,c124@courier.com,testcourier,30,Male,Single,0,0.0,0,0
,C,125,c125@courier.com,testcourier,28,Female,Married,0,0.0,0,0
,C,126,c126@courier.com,testcourier,41,Male,Married,0,0.0,0,0
,C,127,c127@courier.com,testcourier,20,Female,Single,0,0.0,0,0
,C,128,c128@courier.com,testcourier,34,Male,Single,0,0.0,0,0
,C,129,c129@courier.com,testcourier,26,Female,Married,0,0.0,0,0
,C,130,c130@courier.com,testcourier,38,Male,Married,0,0.0,0,0
,C,131,c131@courier.com,testcourier,22,Female,Single,0,0.0,0,0
,C,132,c132@courier.com,testcourier,33,Male,Single,0,0.0,0,0
,C,133,c133@courier.com,testcourier,29,Female,Married,0,0.0,0,0
,C,134,c134@courier.com,testcourier,39,Male,Married,0,0.0,0,0
,C,135,c135@courier.com,testcourier,24,Female,Single,0,0.0,0,0
,C,136,c136@courier.com,testcourier,31,Male,Single,0,0.0,0,0
,C,137,c137@courier.com,testcourier,27,Female,Married,0,0.0,0,0
,C,138,c138@courier.com,testcourier,40,Male,Married,0,0.0,0,0
,C,139,c139@courier.com,testcourier,21,Female,Single,0,0.0,0,0
,C,140,c140@courier.com,testcourier,36,Male,Single,0,0.0,0,0
,C,141,c141@courier.com,testcourier,25,Female,Married,0,0.0,0,0
,C,142,c142@courier.com,testcourier,42,Male,Married,0,0.0,0,0
,C,143,c143@courier.com,testcourier,23,Female,Single,0,0.0,0,0
,C,144,c144@courier.com,testcourier,30,Male,Single,0,0.0,0,0
,C,145,c145@courier.com,testcourier,28,Female,Married,0,0.0,0,0
,C,146,c146@courier.com,testcourier,41,Male,Married,0,0.0,0,0
,C,147,c147@courier.com,testcourier,20,Female,Single,0,0.0,0,0
,C,148,c148@courier.com,testcourier,34,Male,Single,0,0.0,0,0
,C,149,c149@courier.com,testcourier,26,Female,Married,0,0.0,0,0
,C,150,c150@courier.com,testcourier,38,Male,Married,0,0.0,0,0

